[{"@type":"mappingTemplate","id":"@1","name":"USECASE_1_WeeklyLoad_SCD2","description":"","bundleVersion":"0","templateId":"@3","deployTime":1675748409000,"hasParameters":false,"valid":true,"fixedConnection":true,"hasParametersDeployed":false,"fixedConnectionDeployed":true,"isSchemaValidationEnabled":false,"tasks":0,"mappingPreviewFileRecordId":"@2","documentType":"MAPPING","references":[{"@type":"reference","refObjectId":"@0vLmvFU4ucylPN5fe25Vg9","refType":"sequenceGen"},{"@type":"reference","refObjectId":"@6KkhlL7Y6flhuVg6uQi6er","refType":"connection"},{"@type":"reference","refObjectId":"@gq8ToM2Qsgdcc51p9Rhysh","refType":"connection"}]}]